,F1-Macro,F1-Micro,F1-Weighted,Precision-Macro,Precision-Micro,Precision-Weighted,Recall-Macro,Recall-Micro,Recall-Weighted
0,0.4839357429718876,0.9377431906614786,0.9076148953791822,0.4688715953307393,0.9377431906614786,0.8793622916319702,0.5,0.9377431906614786,0.9377431906614786
1,0.48484848484848486,0.9411764705882353,0.912655971479501,0.47058823529411764,0.9411764705882353,0.8858131487889274,0.5,0.9411764705882353,0.9411764705882353
2,0.48484848484848486,0.9411764705882353,0.912655971479501,0.47058823529411764,0.9411764705882353,0.8858131487889274,0.5,0.9411764705882353,0.9411764705882353
3,0.48484848484848486,0.9411764705882353,0.912655971479501,0.47058823529411764,0.9411764705882353,0.8858131487889274,0.5,0.9411764705882353,0.9411764705882353
4,0.48484848484848486,0.9411764705882353,0.912655971479501,0.47058823529411764,0.9411764705882353,0.8858131487889274,0.5,0.9411764705882353,0.9411764705882353
